﻿Criteria,CriteriaId
Agricultural Event,1
Anthropologist,2
Arts Centre,3
Author,4
Bell,5
Bridge,6
Business,7
Businessman,8
Canal,9
Chief Justice of Canada,10
Church,11
Court House,12
Criminal,13
Economist,14
Engineer,15
Explorer,16
Geogolicial Surveyer,17
Gold Miner,18
Government Building,19
Governor-General,20
Highway,21
Historian,22
Historic Event,23
Hotel,24
House,25
Indigenous Peoples,26
Invention,27
Inventor,28
Journalist,29
Medical Person,30
Military Event,31
Military Fort,32
Mill,33
Mine,34
Muncipality,35
Museum & Archives,36
Natural Wonder,37
Nuclear Reactor,38
Nursing Order,39
Orphanage,40
Piece of Art,41
Place of Rememberence,42
Politican,43
Premier of Alberta,44
Premier of Ontario,45
Prime Minister,46
Public Servent,47
Railway,48
Religious Official,49
Religious Order,50
Sailor,51
School,52
Science Program,53
Settlement,54
Settler,55
Soldier,56
Stadium,57
Suffragist,58
