{
  "version": "0.10.0",
  "graph": {
    "nodes": [
      {
        "id": "n0",
        "position": {
          "x": 0,
          "y": 0
        },
        "caption": "City"
      },
      {
        "id": "n1",
        "position": {
          "x": 0,
          "y": 304
        },
        "caption": "County"
      },
      {
        "id": "n2",
        "position": {
          "x": 205.40471551894507,
          "y": 304
        },
        "caption": "Province"
      },
      {
        "id": "n3",
        "position": {
          "x": 389,
          "y": 283.5
        },
        "caption": "Country"
      },
      {
        "id": "n4",
        "position": {
          "x": 205.40471551894507,
          "y": 0
        },
        "caption": "Plaque"
      },
      {
        "id": "n5",
        "position": {
          "x": 69.07367008649535,
          "y": -120.09784152216628
        },
        "caption": "Creator"
      },
      {
        "id": "n6",
        "position": {
          "x": 205.40471551894507,
          "y": -148.09784152216628
        },
        "caption": "Criteria"
      },
      {
        "id": "n7",
        "position": {
          "x": 438,
          "y": 0
        },
        "caption": "Culture"
      },
      {
        "id": "n8",
        "position": {
          "x": 438,
          "y": -178.09784152216628
        },
        "caption": "Language"
      },
      {
        "id": "n9",
        "position": {
          "x": 205.40471551894507,
          "y": 181.68556763537393
        },
        "caption": "Period of History"
      },
      {
        "id": "n10",
        "position": {
          "x": 438,
          "y": 138.90215847783372
        },
        "caption": "Theme"
      }
    ],
    "relationships": [
      {
        "id": "n0",
        "type": "LOCATED IN",
        "fromId": "n0",
        "toId": "n1"
      },
      {
        "id": "n1",
        "type": "LOCATED IN",
        "fromId": "n1",
        "toId": "n2"
      },
      {
        "id": "n2",
        "type": "LOCATED IN",
        "fromId": "n2",
        "toId": "n3"
      },
      {
        "id": "n3",
        "type": "LOCATED IN",
        "fromId": "n4",
        "toId": "n0"
      },
      {
        "id": "n4",
        "type": "CREATED",
        "fromId": "n5",
        "toId": "n4"
      },
      {
        "id": "n5",
        "type": "IS",
        "fromId": "n4",
        "toId": "n6"
      },
      {
        "id": "n6",
        "type": "FROM",
        "fromId": "n4",
        "toId": "n7"
      },
      {
        "id": "n7",
        "type": "WRITTEN IN",
        "fromId": "n4",
        "toId": "n8"
      },
      {
        "id": "n8",
        "type": "FROM",
        "fromId": "n4",
        "toId": "n9"
      },
      {
        "id": "n9",
        "type": "PROMOTES",
        "fromId": "n4",
        "toId": "n10"
      }
    ]
  },
  "dataModel": {
    "fileModel": {
      "fileSchemas": {
        "City.csv": {
          "expanded": true,
          "fields": [
            {
              "name": "CityId",
              "type": "integer",
              "sample": "1",
              "include": true
            },
            {
              "name": "Name of City",
              "type": "string",
              "sample": "Augusta",
              "include": true
            }
          ]
        },
        "County.csv": {
          "expanded": true,
          "fields": [
            {
              "name": "CountyId",
              "type": "integer",
              "sample": "1",
              "include": true
            },
            {
              "name": "Name of County",
              "type": "string",
              "sample": "Leeds and Grenville",
              "include": true
            }
          ]
        },
        "LOCATED IN.csv": {
          "expanded": true,
          "fields": [
            {
              "name": "PlaqueId",
              "type": "integer",
              "sample": "",
              "include": true
            },
            {
              "name": "CityId",
              "type": "integer",
              "sample": "1",
              "include": true
            },
            {
              "name": "CountyId",
              "type": "integer",
              "sample": "1",
              "include": true
            },
            {
              "name": "ProvinceId",
              "type": "integer",
              "sample": "",
              "include": true
            },
            {
              "name": "CountryId",
              "type": "boolean",
              "sample": "",
              "include": true
            }
          ]
        },
        "Province.csv": {
          "expanded": true,
          "fields": [
            {
              "name": "ProvinceId",
              "type": "integer",
              "sample": "1",
              "include": true
            },
            {
              "name": "Name of Province",
              "type": "string",
              "sample": "Ontario",
              "include": true
            }
          ]
        },
        "Country.csv": {
          "expanded": true,
          "fields": [
            {
              "name": "CountryId",
              "type": "boolean",
              "sample": "1",
              "include": true
            },
            {
              "name": "Name of Country",
              "type": "string",
              "sample": "Canada",
              "include": true
            }
          ]
        },
        "Plaque.csv": {
          "expanded": true,
          "fields": [
            {
              "name": "Plaque ID",
              "type": "integer",
              "sample": "1",
              "include": true
            },
            {
              "name": "Plaque Name",
              "type": "string",
              "sample": "Abel Stevens",
              "include": true
            }
          ]
        },
        "CREATED.csv": {
          "expanded": true,
          "fields": [
            {
              "name": "CreatorId",
              "type": "integer",
              "sample": "8",
              "include": true
            },
            {
              "name": "PlaqueId",
              "type": "integer",
              "sample": "1",
              "include": true
            }
          ]
        },
        "Creator.csv": {
          "expanded": true,
          "fields": [
            {
              "name": "CreatorId",
              "type": "integer",
              "sample": "1",
              "include": true
            },
            {
              "name": "Creator",
              "type": "string",
              "sample": "Archaelogical and Historic Sites Board",
              "include": true
            }
          ]
        },
        "Criteria.csv": {
          "expanded": true,
          "fields": [
            {
              "name": "Criteria",
              "type": "string",
              "sample": "Agricultural Event",
              "include": true
            },
            {
              "name": "CriteriaId",
              "type": "integer",
              "sample": "1",
              "include": true
            }
          ]
        },
        "IS.csv": {
          "expanded": true,
          "fields": [
            {
              "name": "PlaqueId",
              "type": "integer",
              "sample": "180",
              "include": true
            },
            {
              "name": "CriteriaId",
              "type": "integer",
              "sample": "1",
              "include": true
            }
          ]
        },
        "FROM.csv": {
          "expanded": true,
          "fields": [
            {
              "name": "PlaqueId",
              "type": "integer",
              "sample": "4",
              "include": true
            },
            {
              "name": "CultureId",
              "type": "integer",
              "sample": "1",
              "include": true
            },
            {
              "name": "PeriodofHistoryId",
              "type": "integer",
              "sample": "",
              "include": true
            }
          ]
        },
        "Culture.csv": {
          "expanded": true,
          "fields": [
            {
              "name": "CultureId",
              "type": "integer",
              "sample": "1",
              "include": true
            },
            {
              "name": "Culture",
              "type": "string",
              "sample": "Algonquin",
              "include": true
            }
          ]
        },
        "Language.csv": {
          "expanded": true,
          "fields": [
            {
              "name": "LanguageId",
              "type": "integer",
              "sample": "1",
              "include": true
            },
            {
              "name": "Language",
              "type": "string",
              "sample": "Dutch",
              "include": true
            }
          ]
        },
        "WRITTEN IN.csv": {
          "expanded": true,
          "fields": [
            {
              "name": "PlaqueId",
              "type": "integer",
              "sample": "148",
              "include": true
            },
            {
              "name": "LanguageId",
              "type": "integer",
              "sample": "1",
              "include": true
            }
          ]
        },
        "Period of History.csv": {
          "expanded": true,
          "fields": [
            {
              "name": "PeriodofHistoryId",
              "type": "integer",
              "sample": "1",
              "include": true
            },
            {
              "name": "Period of History",
              "type": "string",
              "sample": "Modern Canada",
              "include": true
            }
          ]
        },
        "Themes.csv": {
          "expanded": true,
          "fields": [
            {
              "name": "Theme",
              "type": "string",
              "sample": "Agriculture",
              "include": true
            },
            {
              "name": "ThemeId",
              "type": "integer",
              "sample": "1",
              "include": true
            }
          ]
        },
        "PROMOTES.csv": {
          "expanded": true,
          "fields": [
            {
              "name": "PlaqueId",
              "type": "integer",
              "sample": "21",
              "include": true
            },
            {
              "name": "ThemeId",
              "type": "integer",
              "sample": "1",
              "include": true
            }
          ]
        }
      }
    },
    "graphModel": {
      "nodeSchemas": {
        "n0": {
          "label": "City",
          "additionLabels": [],
          "labelProperties": [],
          "properties": [
            {
              "property": "CityId",
              "type": "integer",
              "identifier": "C6gX-1AlLPar8lVAXtMgq"
            },
            {
              "property": "Name of City",
              "type": "string",
              "identifier": "LvqUjnIznRK_Ivd0Yl0D8"
            }
          ],
          "key": {
            "properties": [
              "C6gX-1AlLPar8lVAXtMgq"
            ]
          }
        },
        "n1": {
          "label": "County",
          "additionLabels": [],
          "labelProperties": [],
          "properties": [
            {
              "property": "CountyId",
              "type": "integer",
              "identifier": "-dmv0rBX21MSb9sh9owca"
            },
            {
              "property": "Name of County",
              "type": "string",
              "identifier": "nZmrVULjXEq6Ms61D8tV3"
            }
          ],
          "key": {
            "properties": [
              "-dmv0rBX21MSb9sh9owca"
            ]
          }
        },
        "n2": {
          "label": "Province",
          "additionLabels": [],
          "labelProperties": [],
          "properties": [
            {
              "property": "ProvinceId",
              "type": "integer",
              "identifier": "cIXx8omczLlWxy_AqR0GQ"
            },
            {
              "property": "Name of Province",
              "type": "string",
              "identifier": "YtQPPA2g25T10CThDADz8"
            }
          ],
          "key": {
            "properties": [
              "cIXx8omczLlWxy_AqR0GQ"
            ]
          }
        },
        "n3": {
          "label": "Country",
          "additionLabels": [],
          "labelProperties": [],
          "properties": [
            {
              "property": "CountryId",
              "type": "boolean",
              "identifier": "tDFndX2ey1OsivaJmt3IF"
            },
            {
              "property": "Name of Country",
              "type": "string",
              "identifier": "lqexrDgmO_Jt_NXBEePY4"
            }
          ],
          "key": {
            "properties": [
              "tDFndX2ey1OsivaJmt3IF"
            ]
          }
        },
        "n4": {
          "label": "Plaque",
          "additionLabels": [],
          "labelProperties": [],
          "properties": [
            {
              "property": "Plaque ID",
              "type": "integer",
              "identifier": "NjMw8BKR9ba2Lc_YGkmDK"
            },
            {
              "property": "Plaque Name",
              "type": "string",
              "identifier": "Q7hg9PaRAkWaI-1imy8-N"
            }
          ],
          "key": {
            "properties": [
              "NjMw8BKR9ba2Lc_YGkmDK"
            ]
          }
        },
        "n5": {
          "label": "Creator",
          "additionLabels": [],
          "labelProperties": [],
          "properties": [
            {
              "property": "CreatorId",
              "type": "integer",
              "identifier": "s_HHuZnoJs0gN4M2oOay3"
            },
            {
              "property": "Creator",
              "type": "string",
              "identifier": "ys6vRaApVdsZACPSET5Ke"
            }
          ],
          "key": {
            "properties": [
              "s_HHuZnoJs0gN4M2oOay3"
            ]
          }
        },
        "n6": {
          "label": "Criteria",
          "additionLabels": [],
          "labelProperties": [],
          "properties": [
            {
              "property": "Criteria",
              "type": "string",
              "identifier": "fQHvP6GsjNhn45as7zfj_"
            },
            {
              "property": "CriteriaId",
              "type": "integer",
              "identifier": "Jc8xmg8GUhIN26gFb3ze2"
            }
          ],
          "key": {
            "properties": [
              "Jc8xmg8GUhIN26gFb3ze2"
            ]
          }
        },
        "n7": {
          "label": "Culture",
          "additionLabels": [],
          "labelProperties": [],
          "properties": [
            {
              "property": "CultureId",
              "type": "integer",
              "identifier": "goKUUZEzVt3EHXZaPKw7w"
            },
            {
              "property": "Culture",
              "type": "string",
              "identifier": "Z2BtJlX9yO9Xi4NMAb1BW"
            }
          ],
          "key": {
            "properties": [
              "goKUUZEzVt3EHXZaPKw7w"
            ]
          }
        },
        "n8": {
          "label": "Language",
          "additionLabels": [],
          "labelProperties": [],
          "properties": [
            {
              "property": "LanguageId",
              "type": "integer",
              "identifier": "Py44ghD57G0k46mufITJ5"
            },
            {
              "property": "Language",
              "type": "string",
              "identifier": "JT2beDnF7e5tup9QMkluK"
            }
          ],
          "key": {
            "properties": [
              "Py44ghD57G0k46mufITJ5"
            ]
          }
        },
        "n9": {
          "label": "Period of History",
          "additionLabels": [],
          "labelProperties": [],
          "properties": [
            {
              "property": "PeriodofHistoryId",
              "type": "integer",
              "identifier": "-aaBYkzPfF-5zW_Wc501W"
            },
            {
              "property": "Period of History",
              "type": "string",
              "identifier": "_wO34ViIBGLIB5XIMTQa_"
            }
          ],
          "key": {
            "properties": [
              "-aaBYkzPfF-5zW_Wc501W"
            ]
          }
        },
        "n10": {
          "label": "Theme",
          "additionLabels": [],
          "labelProperties": [],
          "properties": [
            {
              "property": "Theme",
              "type": "string",
              "identifier": "7l9NUaliMW_Wxd1SIJSzj"
            },
            {
              "property": "ThemeId",
              "type": "integer",
              "identifier": "trr_UdJUxJjaqXT5mGtJJ"
            }
          ],
          "key": {
            "properties": [
              "trr_UdJUxJjaqXT5mGtJJ"
            ]
          }
        }
      },
      "relationshipSchemas": {
        "n0": {
          "type": "LOCATED IN",
          "sourceNodeSchema": "n0",
          "targetNodeSchema": "n1",
          "properties": [
            {
              "property": "CityId",
              "type": "integer",
              "identifier": "OHhr8MtZvgD_6-PYdCsdJ"
            },
            {
              "property": "CountyId",
              "type": "integer",
              "identifier": "R1XkDyU4l7ItQvbHAyTko"
            }
          ]
        },
        "n1": {
          "type": "LOCATED IN",
          "sourceNodeSchema": "n1",
          "targetNodeSchema": "n2",
          "properties": [
            {
              "property": "CountyId",
              "type": "integer",
              "identifier": "mlggFxQ-PrSYCMrYfX7ms"
            },
            {
              "property": "ProvinceId",
              "type": "integer",
              "identifier": "Gb3eHgP9LkIXVD-WpHsnY"
            }
          ]
        },
        "n2": {
          "type": "LOCATED IN",
          "sourceNodeSchema": "n2",
          "targetNodeSchema": "n3",
          "properties": [
            {
              "property": "ProvinceId",
              "type": "integer",
              "identifier": "oZ6v9q_Q9TIgT1bCejVA5"
            },
            {
              "property": "CountryId",
              "type": "boolean",
              "identifier": "Bu46J7JtWZyO_Ny3NXOAn"
            }
          ]
        },
        "n3": {
          "type": "LOCATED IN",
          "sourceNodeSchema": "n4",
          "targetNodeSchema": "n0",
          "properties": []
        },
        "n4": {
          "type": "CREATED",
          "sourceNodeSchema": "n5",
          "targetNodeSchema": "n4",
          "properties": []
        },
        "n5": {
          "type": "IS",
          "sourceNodeSchema": "n4",
          "targetNodeSchema": "n6",
          "properties": []
        },
        "n6": {
          "type": "FROM",
          "sourceNodeSchema": "n4",
          "targetNodeSchema": "n7",
          "properties": []
        },
        "n7": {
          "type": "WRITTEN IN",
          "sourceNodeSchema": "n4",
          "targetNodeSchema": "n8",
          "properties": []
        },
        "n8": {
          "type": "FROM",
          "sourceNodeSchema": "n4",
          "targetNodeSchema": "n9",
          "properties": []
        },
        "n9": {
          "type": "PROMOTES",
          "sourceNodeSchema": "n4",
          "targetNodeSchema": "n10",
          "properties": []
        }
      }
    },
    "mappingModel": {
      "nodeMappings": {
        "n0": {
          "nodeSchema": "n0",
          "fileSchema": "City.csv",
          "mappings": [
            {
              "field": "CityId"
            },
            {
              "field": "Name of City"
            }
          ]
        },
        "n1": {
          "nodeSchema": "n1",
          "fileSchema": "County.csv",
          "mappings": [
            {
              "field": "CountyId"
            },
            {
              "field": "Name of County"
            }
          ]
        },
        "n2": {
          "nodeSchema": "n2",
          "fileSchema": "Province.csv",
          "mappings": [
            {
              "field": "ProvinceId"
            },
            {
              "field": "Name of Province"
            }
          ]
        },
        "n3": {
          "nodeSchema": "n3",
          "fileSchema": "Country.csv",
          "mappings": [
            {
              "field": "CountryId"
            },
            {
              "field": "Name of Country"
            }
          ]
        },
        "n4": {
          "nodeSchema": "n4",
          "fileSchema": "Plaque.csv",
          "mappings": [
            {
              "field": "Plaque ID"
            },
            {
              "field": "Plaque Name"
            }
          ]
        },
        "n5": {
          "nodeSchema": "n5",
          "fileSchema": "Creator.csv",
          "mappings": [
            {
              "field": "CreatorId"
            },
            {
              "field": "Creator"
            }
          ]
        },
        "n6": {
          "nodeSchema": "n6",
          "fileSchema": "Criteria.csv",
          "mappings": [
            {
              "field": "Criteria"
            },
            {
              "field": "CriteriaId"
            }
          ]
        },
        "n7": {
          "nodeSchema": "n7",
          "fileSchema": "Culture.csv",
          "mappings": [
            {
              "field": "CultureId"
            },
            {
              "field": "Culture"
            }
          ]
        },
        "n8": {
          "nodeSchema": "n8",
          "fileSchema": "Language.csv",
          "mappings": [
            {
              "field": "LanguageId"
            },
            {
              "field": "Language"
            }
          ]
        },
        "n9": {
          "nodeSchema": "n9",
          "fileSchema": "Period of History.csv",
          "mappings": [
            {
              "field": "PeriodofHistoryId"
            },
            {
              "field": "Period of History"
            }
          ]
        },
        "n10": {
          "nodeSchema": "n10",
          "fileSchema": "Themes.csv",
          "mappings": [
            {
              "field": "Theme"
            },
            {
              "field": "ThemeId"
            }
          ]
        }
      },
      "relationshipMappings": {
        "n0": {
          "relationshipSchema": "n0",
          "mappings": [
            {
              "field": "CityId"
            },
            {
              "field": "CountyId"
            }
          ],
          "sourceMappings": [
            {
              "field": "CityId"
            }
          ],
          "targetMappings": [
            {
              "field": "CountyId"
            }
          ],
          "fileSchema": "LOCATED IN.csv"
        },
        "n1": {
          "relationshipSchema": "n1",
          "mappings": [
            {
              "field": "CountyId"
            },
            {
              "field": "ProvinceId"
            }
          ],
          "sourceMappings": [
            {
              "field": "CountyId"
            }
          ],
          "targetMappings": [
            {
              "field": "ProvinceId"
            }
          ],
          "fileSchema": "LOCATED IN.csv"
        },
        "n2": {
          "relationshipSchema": "n2",
          "mappings": [
            {
              "field": "ProvinceId"
            },
            {
              "field": "CountryId"
            }
          ],
          "sourceMappings": [
            {
              "field": "ProvinceId"
            }
          ],
          "targetMappings": [
            {
              "field": "CountryId"
            }
          ],
          "fileSchema": "LOCATED IN.csv"
        },
        "n3": {
          "relationshipSchema": "n3",
          "mappings": [],
          "sourceMappings": [
            {
              "field": "PlaqueId"
            }
          ],
          "targetMappings": [
            {
              "field": "CityId"
            }
          ],
          "fileSchema": "LOCATED IN.csv"
        },
        "n4": {
          "relationshipSchema": "n4",
          "mappings": [],
          "sourceMappings": [
            {
              "field": "CreatorId"
            }
          ],
          "targetMappings": [
            {
              "field": "PlaqueId"
            }
          ],
          "fileSchema": "CREATED.csv"
        },
        "n5": {
          "relationshipSchema": "n5",
          "mappings": [],
          "sourceMappings": [
            {
              "field": "PlaqueId"
            }
          ],
          "targetMappings": [
            {
              "field": "CriteriaId"
            }
          ],
          "fileSchema": "IS.csv"
        },
        "n6": {
          "relationshipSchema": "n6",
          "mappings": [],
          "sourceMappings": [
            {
              "field": "PlaqueId"
            }
          ],
          "targetMappings": [
            {
              "field": "CultureId"
            }
          ],
          "fileSchema": "FROM.csv"
        },
        "n7": {
          "relationshipSchema": "n7",
          "mappings": [],
          "sourceMappings": [
            {
              "field": "PlaqueId"
            }
          ],
          "targetMappings": [
            {
              "field": "LanguageId"
            }
          ],
          "fileSchema": "WRITTEN IN.csv"
        },
        "n8": {
          "relationshipSchema": "n8",
          "mappings": [],
          "sourceMappings": [
            {
              "field": "PlaqueId"
            }
          ],
          "targetMappings": [
            {
              "field": "PeriodofHistoryId"
            }
          ],
          "fileSchema": "FROM.csv"
        },
        "n9": {
          "relationshipSchema": "n9",
          "mappings": [],
          "sourceMappings": [
            {
              "field": "PlaqueId"
            }
          ],
          "targetMappings": [
            {
              "field": "ThemeId"
            }
          ],
          "fileSchema": "PROMOTES.csv"
        }
      }
    },
    "configurations": {
      "idsToIgnore": []
    }
  }
}