﻿Plaque ID,Plaque Name
1,Abel Stevens
2,Admiral Sir Charles Edmund Kingsmill
3,Alexander Cameron Rutherford
4,Algonquin Homeland
5,Battle of Crysler's Farm 1813
6,Bedford Mills
7,Beechwood Cemetery
8,Bethune-Thompson House
9,Billings Bridge Transitway Art Commission
10,Blockhouse Island
11,Brigadier-General Ernest Alexander Cruikshank
12,Bytown and Prescott Railway Company
13,Canada's Capital
14,Canadian Prime Meridian
15,Captain Miles MacDonell
16,Captain Samuel Anderson
17,Capture of Ogdensburg
18,Cariboo Cameron
19,Carleton University
20,Carlsbad Springs
21,Central Experimental Farm
22,Chaffey's Mills
23,Charles Lennox
24,Charles-Marius Barbeau
25,Charlotte Elizabeth Whitton
26,Chateau Laurier
27,Chimney Island
28,Christ Church
29,Claude J. P. Nunney
30,Colonel Edward Jessup
31,Colonel Joel Stone
32,Commissariat Building
33,Cornwall Canal
34,Darlingside
35,District Court House and Gaol
36,Dr. Lorne Pierce
37,Dr. Mahlon W. Locke
38,Duncan Cameron
39,Earnscliffe
40,Edward Sapir
41,Elisabeth Bruyere
42,Elizabeth Rabb Beatty
43,Former Brockville Post Office
44,Former Geological Survey of Canada Building
45,Forsyth's Raid 1813
46,Fort de Levis
47,Fort Wellington
48,Founding of Lyndhurst
49,Fraserfield
50,Fulford Place
51,Gananoque
52,Gananoque Town Hall
53,George Chaffey
54,Glengarry Cairn
55,Grand Trunk Railway
56,Hamnett Krikes Pinhey
57,Hart Massey House
58,Hawkesbury Mills
59,Holstein Friesian Cattle in Ontario
60,Home Children
61,Homewood
62,Honourable G. Howard Ferguson
63,Interprovincial Bridge
64,Inverarden
65,James Morris
66,James Philips
67,John McIntosh
68,John R. Booth Residence
69,John Sandfield MacDonald
70,Johnstown 1789
71,Johnstown District Court House and Gaol
72,Justus Sherwood
73,Lady Aberdeen
74,Lansdowne Iron Works
75,Laurier House
76,L'Ecole Guigues and Regulation
77,Lester Bowles Pearson
78,Lieutenant-Colonel John By
79,Lieutenant-Colonel John MacDonell
80,Lieutenant-Colonel Thain Wendell MacDowell
81,L'Original
82,Lost Villages of the St. Lawrence
83,Louise C. McKinney
84,MacDonell House
85,MacLeod Settlement
86,Macoun Marsh
87,Major James Morrow Walsh
88,Maplelawn
89,Marcel Cadieux
90,Marie-Rose Turcot
91,Matt Anthony Field
92,Meetings of Parliament
93,Merrickville Blockhouse 1832
94,National Arts Centre
95,Ogle Robert Gowan
96,Old Stone Mill
97,Ottawa Bell Tower
98,Ottawa Teachers College
99,Oxford-on-Rideau Township Hall
100,Philip Dansken Ross
101,Pirate Johnston
102,Pointe au Baril
103,Prescott Barracks and Hospital
104,Public Grounds of the Parliament Buildings
105,Raid on Gananoque
106,Richmond Military Settlement
107,Rideau Hall
108,Right Reverend John Strachan
109,Robert Bell
110,Roebuck Indian Village Site
111,Samuel de Champlain
112,Simon Fraser
113,Sir Charles Stanley Monck
114,Sir Edmund Walker Head
115,Sir Edward Robert Peacock
116,Sir James Pliny Whitney
117,Sir John Johnson House
118,Sir John Johnson's Mills
119,Sir William Buell Richards
120,St. Andrew's Church
121,St. James Church
122,St. John's Anglican Church
123,St. Paul's Church
124,St. Raphael's Ruins
125,The Aloutte 1 Satellite Programme
126,The Battle of Windmill
127,The Billings House
128,The Blue Church
129,The Brockville Tunnel
130,"The Brockville, Westport & Sault Ste. Marie Railway"
131,The Canadian Role in the Defence of Hong Kong
132,The Central Emergency Government Headquarters
133,The College of Iona
134,The Construction of the St. Lawrence Seaway
135,The Forwarding Trade at Prescott
136,The Founding of Cardinal
137,The Founding of Cornwall
138,The Founding of Maitland
139,The Founding of Merrickville
140,The Founding of Newboro
141,The Founding of Osgoode Township
142,The Founding of Spencerville
143,The Founding of Westport
144,The French Presence in Cornwall
145,The Glengarry Emigration of 1786
146,The Glengarry Fencibles
147,The Gouzenko Affair
148,The Liberation of the Netherlands
149,The Lyndhurst Bridge
150,The MacDonald Cartier Freeway
151,The MacMillan Emigration
152,The Martintown Grist Mill
153,The McIntosh Apple
154,The Missionary Oblates of Mary Immaculate
155,The Nile Voyagers
156,The North West Company
157,The Parliament Buildings
158,The Perth Road
159,The Red Brick School
160,The Reverend Charles W. Gordon
161,The Reverend John Strachan in Cornwall
162,The Rideau Canal
163,The Royal Canadian Mint
164,The Royal Sappers and Miners
165,The Seigneury of L'Original
166,The Williamsburg Canals
167,The ZEEP Reactor
168,Thomas Coltrin Keefer
169,Thomas D'Arcy McGee
170,Thomas Leopold Willson
171,Thomas McKay
172,Thousand Islands International Bridge
173,United Empire Loyalists
174,University of Ottawa
175,Veterans Charter
176,Victoria Memorial Museum Building
177,Victorian Order of Nurses for Canada
178,William Buell
179,William Frederick King
180,Williamstown Fair
