﻿Theme,ThemeId
Agriculture,1
Alberta Government,2
Architecture & Engineering,3
Arts,4
Child Welfare,5
Confederation ,6
Crown,7
Diplomacy,8
Economy,9
Education,10
Ethnography,11
Exploration,12
Foreign Affairs,13
French-Canadian,14
Healthcare,15
Immigration,16
Indigenous Peoples,17
Infrastructure,18
Injustice,19
Journalism,20
Law & Justice,21
Literature,22
Military,23
Museum & Archives,24
Nature,25
Ontario Government,26
Politics,27
Religion,28
Science,29
Settlement of Canada,30
Social Welfare,31
Sports & Athletics,32
Surveying,33
Trade,34
Women's Rights,35
